id,solution
0,R4.R2
1,R5.R4.R2.R4
2,R4.R2.R3.R2
3,R2.R3
4,R3.R5.R3.R4
5,R3.R2.R12.R5.R11.R8.R5.R9.R5.R10.R3.R7
6,R10.R11.R4.R7.R6.R8.R10.R3.R12.R8
7,R11.R6.R12.R4.R5.R3.R10.R3.R11.R5.R8
8,R4.R7.R10.R6.R8.R6.R12.R9.R8.R4
9,R10.R3.R6.R9.R8.R11.R4.R12.R7.R2.R5
10,R7.R10.R9.R2.R11.R12.R6.R9.R8.R3
11,R10.R8.R11.R9.R4.R7.R5.R3.R10.R12.R2.R8
12,R9.R3.R8.R10.R8.R5.R9.R11.R10.R12.R7.R12
13,R2.R6.R2.R11.R3.R10.R4.R6.R8.R4.R12.R3
14,R9.R10.R5.R8.R6.R4.R11.R8.R12.R10.R4
15,R8.R4.R9.R11.R10.R6.R10.R6.R12.R7
16,R6.R12.R10.R6.R5.R2.R8.R11.R4.R10.R3.R8
17,R11.R9.R8.R5.R6.R10.R5.R2.R8.R12.R11.R12
18,R7.R5.R11.R7.R5.R10.R12.R3.R8.R10
19,R8.R2.R10.R12.R11.R6.R2.R10.R2.R6.R9
20,R6.R3.R10.R3.R4.R3.R8.R12.R4.R9
21,R2.R5.R7.R3.R10.R4.R11.R9.R6.R3.R5.R12
22,R8.R9.R11.R7.R4.R6.R12.R9.R6.R5.R6
23,R9.R2.R8.R2.R3.R5.R11.R12.R11.R7.R4
24,R4.R11.R3.R10.R6.R8.R12.R8.R9.R4.R7
25,R6.R9.R11.R10.R7.R12.R10.R7.R3
26,R7.R8.R9.R4.R6.R11.R7.R3.R12.R10.R4.R8
27,R2.R3.R6.R12.R4.R3.R10.R2.R11.R2
28,R12.R8.R12.R9.R4.R8.R11.R5.R10.R9.R11
29,R6.R4.R3.R2.R5.R8.R3.R9.R10.R12.R2
30,R9.R7.R6.R3.R4.R5.R11.R12.R4.R9
31,R3.R7.R9.R6.R5.R7.R5.R11.R7.R12.R6
32,R7.R8.R12.R7.R9.R7.R4.R10.R4.R8.R4
33,R12.R10.R2.R6.R5.R7.R11.R6.R7.R4
34,R3.R12.R7.R8.R11.R6.R8.R3.R9.R3.R9
35,R9.R3.R11.R12.R9.R3.R2.R11.R4.R5.R10
36,R4.R5.R6.R11.R12.R5.R2.R10.R2.R6
37,R8.R11.R9.R8.R3.R12.R8.R10.R4.R8.R12
38,R5.R7.R10.R7.R3.R9.R7.R4.R11.R10.R12.R5
39,R11.R6.R5.R9.R7.R6.R8.R10.R6.R7.R12.R8
40,R5.R11.R2.R7.R10.R6.R8.R3.R2.R4.R12.R10
41,R3.R8.R3.R6.R4.R10.R5.R12.R8.R4.R10.R3
42,R6.R3.R10.R9.R8.R7.R12.R9.R2.R10.R7.R10
43,R6.R2.R3.R9.R5.R11.R12.R2.R4
44,R8.R7.R4.R10.R4.R11.R3.R8.R12.R10.R12
45,R5.R6.R11.R9.R5.R4.R6.R12.R7.R3.R8.R6
46,R2.R10.R5.R12.R10.R9.R5.R7.R9.R5.R11.R7
47,R2.R5.R10.R12.R10.R9.R3.R5.R2
48,R10.R6.R12.R4.R8.R4.R10.R5.R2.R9.R2
49,R6.R8.R11.R5.R10.R7.R12.R8
50,R5.R9.R2.R10.R4.R7.R2.R12.R6.R3.R6
51,R12.R3.R4.R5.R6.R3.R10.R11.R10.R2.R5.R3
52,R4.R5.R9.R7.R5.R11.R10.R3.R12.R3.R7
53,R5.R8.R5.R11.R2.R12.R2.R7.R8.R5.R11
54,R3.R9.R4.R10.R11.R8.R5.R4.R12.R8
55,R12.R8.R6.R9.R4.R2.R5.R8.R2.R10.R8
56,R3.R11.R5.R6.R10.R5.R6.R8.R4.R6.R3
57,R4.R5.R9.R2.R11.R10.R4.R9.R12.R8.R3.R10
58,R12.R8.R7.R9.R10.R5.R2.R3.R6.R11.R5
59,R2.R5.R8.R4.R6.R10.R12.R2
60,R9.R11.R4.R6.R5.R10.R8.R7.R12.R10.R3
61,R11.R3.R7.R2.R10.R7.R2.R8.R3
62,R9.R5.R6.R7.R8.R10.R4.R12.R7.R6.R4
63,R10.R8.R9.R6.R11.R8.R5.R9.R5.R8
64,R10.R4.R7.R4.R6.R4.R8.R12.R7.R2
65,R10.R9.R8.R7.R2.R3.R5.R12.R11.R10.R7
66,R6.R12.R11.R8.R7.R6.R9.R6.R2.R10.R9
67,R8.R10.R8.R7.R4.R12.R7.R6.R2.R10.R8.R3
68,R10.R4.R5.R3.R7.R6.R5.R2.R11.R2
69,R3.R6.R7.R8.R9.R7.R11.R12.R4.R2.R11.R9
70,R8.R7.R5.R10.R7.R12.R4.R9.R6.R3.R8.R11
71,R12.R10.R8.R3.R6.R4.R9.R6.R7.R11.R6
72,R8.R12.R2.R8.R7.R11.R2.R9.R8.R5
73,R2.R8.R10.R9.R3.R11.R5.R7.R10
74,R4.R11.R2.R10.R12.R10.R11.R6.R7.R8.R9
75,R5.R3.R7.R9.R12.R6.R9.R7.R11.R6
76,R5.R11.R9.R6.R12.R4.R7.R11.R9.R8.R2
77,R5.R10.R3.R2.R7.R12.R6.R9.R7.R12
78,R6.R4.R11.R8.R12.R3.R8.R2.R10.R8
79,R10.R5.R6.R3.R7.R6.R11.R12.R9.R4.R12.R7
80,R2.R11.R10.R3.R4.R7.R12.R8.R11.R7.R6.R7
81,R8.R4.R10.R4.R8.R5.R11.R4.R7.R5.R9.R4.R12
82,R12.R11.R6.R2.R9.R6.R8.R10.R4
83,R6.R11.R6.R4.R2.R9.R2.R4.R12.R10
84,R11.R5.R6.R4.R8.R3.R7.R12.R3.R11.R4
85,R6.R3.R8.R6.R3.R12.R2.R3
86,R4.R5.R11.R9.R12.R7.R2.R11.R8.R5.R10
87,R3.R5.R7.R8.R4.R7.R2.R9.R10.R12.R6.R12
88,R6.R7.R11.R8.R9.R4.R8.R12.R4.R10.R4
89,R6.R7.R11.R6.R5.R4.R7.R8.R9.R6.R12.R4
90,R12.R11.R5.R10.R4.R8.R2.R7.R10.R3
91,R5.R9.R10.R4.R12.R10.R9.R4.R9.R11.R4.R11
92,R6.R2.R11.R6.R8.R12.R8.R5.R11.R8.R11
93,R7.R11.R7.R8.R10.R12.R6.R8.R11.R5.R11
94,R4.R5.R3.R12.R3.R2.R7.R3.R6.R11.R6.R11
95,R5.R6.R8.R9.R11.R7.R12.R7.R12
96,R5.R12.R2.R11.R6.R3.R2.R10.R5
97,R5.R4.R10.R9.R6.R7.R11.R8.R3.R9
98,R10.R8.R7.R6.R5.R9.R11.R5.R12.R11.R5.R4
99,R11.R2.R5.R6.R7.R5.R10.R2.R12.R4.R5.R11
100,R4.R10.R11.R4.R9.R2.R12.R5.R3
101,R5.R4.R9.R3.R7.R5.R12.R4.R2.R8.R5
102,R12.R5.R6.R7.R9.R7.R12.R11.R2.R11
103,R8.R12.R3.R6.R9.R5.R3.R2.R8.R10.R2
104,R8.R11.R8.R4.R9.R12.R4.R2.R6.R9
105,R6.R3.R9.R10.R2.R12.R7.R4.R3.R12.R6
106,R2.R3.R9.R7.R2.R10.R4.R11.R6.R12.R10.R11
107,R2.R7.R9.R5.R6.R12.R10.R9.R3.R2.R7
108,R5.R9.R6.R11.R4.R10.R12.R2.R8.R10
109,R4.R11.R5.R3.R9.R7.R2.R8.R12.R4.R8.R6
110,R6.R2.R4.R9.R2.R8.R12.R10.R5.R3.R8.R9
111,R8.R5.R11.R4.R11.R9.R12.R5
112,R7.R8.R5.R12.R10.R5.R8.R9.R5.R11.R3.R8
113,R12.R6.R4.R2.R9.R4.R2.R6.R11
114,R4.R3.R9.R4.R7.R10.R4.R11.R6.R12.R3.R12
115,R8.R3.R6.R10.R5.R11.R5.R12.R5.R9
116,R9.R8.R2.R5.R4.R10.R7.R4.R8.R7.R12.R5
117,R10.R6.R2.R11.R2.R6.R12.R10.R6.R11.R6
118,R5.R10.R12.R6.R10.R11.R4.R6.R10.R5.R4.R5
119,R11.R2.R6.R7.R2.R8.R9.R6.R12.R6
120,R11.R4.R2.R9.R2.R12.R11.R2.R3.R5.R9.R4
121,R3.R6.R4.R10.R3.R7.R2.R8.R2.R11.R12
122,R8.R10.R5.R4.R6.R7.R8.R5.R9.R12
123,R10.R2.R6.R11.R12.R3.R10.R2.R9
124,R6.R12.R3.R8.R6.R2.R10.R7.R10.R4
125,R7.R11.R3.R7.R9.R8.R12.R7.R8.R6.R3.R11.R8
126,R10.R9.R7.R11.R9.R4.R12.R2.R10
127,R4.R9.R6.R12.R2.R5.R8.R7.R3.R6.R9.R3
128,R2.R7.R9.R7.R4.R8.R12.R7.R5.R6.R2
129,R7.R2.R12.R7.R6.R11.R2.R3.R9.R3.R10.R8.R10
130,R11.R7.R12.R9.R5.R10.R8.R11.R10.R4.R10
131,R5.R8.R9.R4.R2.R5.R8.R7.R12.R2.R12
132,R10.R5.R2.R9.R3.R12.R9.R3.R10.R9.R7
133,R11.R3.R10.R3.R6.R4.R3.R8.R12.R5.R12
134,R8.R5.R3.R9.R5.R8.R6.R10.R6.R12.R3.R12
135,R2.R5.R7.R6.R5.R12.R8.R10.R2.R5
136,R6.R2.R5.R10.R11.R12.R7.R9.R5.R6.R10
137,R7.R11.R2.R10.R5.R2.R12.R11.R6.R8.R4.R5
138,R3.R11.R2.R3.R12.R3.R5.R8.R10.R8.R10
139,R4.R2.R8.R11.R9.R8.R12.R11.R6.R2
140,R7.R2.R4.R10.R11.R6.R12.R2.R10.R7.R5
141,R3.R9.R3.R7.R8.R10.R12.R5.R8.R5
142,R11.R9.R12.R6.R2.R8.R4.R9.R10.R11.R7.R4
143,R9.R11.R5.R12.R10.R4.R6.R8.R7.R3.R11.R8.R3
144,R5.R3.R8.R4.R12.R10.R8.R3.R7.R3.R5.R9
145,R6.R5.R4.R11.R9.R5.R12.R7.R8.R6.R8
146,R10.R4.R9.R11.R7.R10.R8.R12.R10.R4.R10
147,R11.R2.R12.R5.R9.R2.R8.R11.R10
148,R3.R6.R8.R10.R11.R7.R8.R5.R2.R10.R4
149,R9.R5.R6.R7.R5.R3.R12.R2.R10.R9.R3
150,R11.R8.R2.R9.R2.R6.R2.R10.R7.R5.R12.R5
151,R5.R8.R11.R10.R3.R5.R12.R9.R6.R4
152,R3.R12.R5.R6.R8.R6.R11.R6.R9.R10.R9.R3.R9
153,R9.R2.R12.R2.R9.R11.R3.R9.R10.R8
154,R12.R2.R3.R10.R6.R5.R4.R11.R8.R9
155,R3.R6.R10.R6.R5.R8.R12.R5.R4.R5
156,R9.R4.R7.R10.R11.R12.R3.R10.R3.R10
157,R12.R4.R5.R2.R10.R4.R6.R3.R11.R7.R3.R7
158,R6.R7.R9.R7.R4.R3.R10.R8.R11.R2
159,R2.R7.R3.R4.R6.R8.R5.R9.R11.R12.R11.R9
160,R4.R5.R11.R3.R8.R3.R12.R3.R5.R10.R5.R3
161,R3.R11.R10.R5.R12.R8.R10.R2.R7.R2.R11.R10
162,R11.R9.R7.R4.R2.R5.R2.R8.R12.R2.R10
163,R10.R6.R4.R5.R9.R7.R12.R10.R9.R11.R5.R11
164,R10.R7.R9.R12.R8.R3.R9.R11.R9.R3.R9
165,R7.R2.R4.R10.R3.R4.R3.R12.R7.R12.R6
166,R7.R3.R11.R7.R9.R3.R12.R4.R5.R8
167,R11.R12.R7.R8.R6.R3.R9.R11.R9.R5.R8
168,R7.R10.R5.R4.R7.R11.R7.R10.R12.R6.R2
169,R10.R3.R8.R3.R11.R7.R10.R7.R12.R10
170,R2.R8.R7.R2.R5.R10.R9.R5.R4.R12
171,R11.R4.R12.R6.R7.R11.R8.R11.R5.R9.R10
172,R2.R6.R3.R8.R12.R9.R8.R2.R5.R11.R7
173,R4.R2.R7.R10.R8.R7.R9.R12.R8.R12.R10.R2
174,R4.R9.R2.R3.R10.R6.R11.R8.R11.R6
175,R2.R6.R9.R6.R4.R12.R10.R3.R8.R2
176,R3.R10.R4.R12.R6.R10.R5.R7.R12.R9
177,R6.R2.R10.R2.R11.R2.R6.R8.R12.R2
178,R9.R4.R12.R7.R2.R10.R5.R8.R11.R10
179,R7.R11.R10.R9.R8.R7.R3.R12.R10
180,R10.R11.R3.R5.R8.R7.R9.R10.R6.R12.R5.R10
181,R2.R4.R6.R9.R8.R10.R6.R12.R10.R9.R8.R5
182,R10.R12.R7.R3.R11.R6.R10.R6.R9
183,R2.R6.R12.R3.R7.R6.R11.R8.R7.R6.R10.R5.R10
184,R10.R5.R12.R3.R10.R11.R5.R10.R3.R2.R4.R8
185,R6.R5.R12.R6.R2.R5.R10.R8.R9.R11
186,R2.R6.R7.R8.R12.R9.R11.R4.R10
187,R5.R7.R4.R9.R6.R11.R3.R8.R12.R3.R6.R10
188,R12.R7.R3.R9.R4.R3.R11.R4.R9.R6.R8
189,R4.R10.R8.R11.R2.R6.R8.R12.R11.R5
190,R3.R8.R12.R3.R10.R11.R9.R7.R11.R6.R7.R2
191,R7.R11.R5.R2.R6.R7.R5.R10.R12.R10.R11
192,R3.R12.R4.R3.R6.R10.R9.R4
193,R12.R5.R7.R8.R10.R8.R2.R11.R6.R9
194,R12.R6.R10.R9.R4.R8.R11.R3.R10.R5.R10
195,R12.R6.R10.R9.R12.R10.R5.R11.R2.R7
196,R8.R10.R4.R8.R6.R12.R5.R8.R6.R5
197,R3.R8.R11.R7.R8.R9.R3.R12.R5.R8.R5
198,R4.R3.R11.R2.R9.R12.R9.R12.R7.R11
199,R9.R6.R2.R4.R5.R11.R12.R5.R11.R3.R11
200,R4.R2.R11.R2.R8.R2.R3.R10.R12.R7.R9.R8
201,R9.R5.R4.R12.R9.R10.R6.R10.R7.R11.R7.R5
202,R2.R5.R9.R3.R5.R2.R12.R2.R8.R4
203,R11.R5.R4.R12.R6.R4.R9.R7.R10.R9.R7
204,R4.R7.R5.R8.R11.R2.R6.R12.R10.R7
205,R11.R14.R4.R2.R3.R5.R10.R12.R11.R10.R9.R2.R13.R15.R3
206,R13.R3.R5.R15.R12.R14.R13.R3.R6.R5.R10.R2.R7
207,R7.R5.R13.R12.R10.R8.R5.R14.R10.R2.R15.R8.R12
208,R6.R15.R10.R13.R4.R7.R8.R14.R11.R14.R7.R11.R10.R9
209,R14.R8.R5.R2.R3.R9.R13.R15.R13.R9.R4.R8.R14
210,R8.R14.R7.R12.R6.R3.R10.R15.R13.R3.R14.R12.R9.R12.R5
211,R11.R14.R13.R5.R2.R11.R3.R5.R15.R7.R8.R11.R14.R9.R14.R12
212,R7.R14.R8.R3.R10.R6.R11.R15.R2.R7.R2.R9.R7
213,R12.R15.R2.R12.R4.R2.R13.R5.R6.R14.R4.R6.R7
214,R12.R9.R4.R6.R11.R4.R10.R14.R15.R14.R9.R14.R11.R2
215,R6.R12.R15.R7.R6.R12.R7.R11.R6.R4.R14.R13.R2.R7.R13
216,R9.R5.R13.R15.R12.R9.R7.R11.R7.R13.R3.R11.R12.R5.R12
217,R6.R2.R11.R12.R4.R13.R4.R11.R15.R9.R3.R4.R11.R7.R11
218,R15.R12.R11.R3.R13.R9.R11.R6.R14.R2.R6.R4.R9.R6
219,R14.R8.R3.R10.R6.R2.R8.R7.R2.R11.R13.R6.R15
220,R11.R8.R12.R10.R4.R15.R12.R13.R5.R3.R9.R11.R10.R7
221,R9.R6.R10.R14.R5.R12.R3.R15.R5.R6.R9.R10.R8.R11.R13
222,R8.R2.R12.R11.R6.R14.R10.R5.R2.R12.R15.R3
223,R7.R2.R5.R15.R11.R8.R2.R4.R13.R7.R4.R14.R2
224,R7.R5.R10.R9.R3.R13.R14.R12.R9.R13.R15.R5.R12.R7.R3
225,R5.R6.R11.R12.R3.R10.R5.R15.R2.R9.R14.R6.R3
226,R11.R8.R5.R3.R7.R13.R4.R14.R15.R13.R9.R7.R2.R9
227,R14.R6.R11.R2.R7.R4.R6.R13.R3.R15.R10.R11.R6.R12
228,R3.R6.R4.R8.R12.R14.R11.R3.R8.R5.R10.R12.R15.R2.R10
229,R14.R12.R6.R8.R13.R7.R9.R12.R8.R11.R10.R3
230,R9.R6.R4.R7.R12.R6.R7.R10.R7.R2.R15.R10.R15.R6
231,R11.R9.R4.R13.R8.R10.R7.R14.R10.R15.R3.R10.R2.R7
232,R5.R10.R8.R5.R4.R3.R15.R3.R13.R9.R4.R12.R10.R3.R7
233,R12.R4.R9.R11.R7.R9.R3.R14.R4.R12.R5.R15.R13.R7.R13
234,R14.R9.R11.R7.R6.R2.R5.R9.R10.R13.R4.R11.R7
235,R4.R11.R5.R2.R10.R15.R14.R13.R3.R10.R3.R8.R3.R12.R9
236,R2.R5.R12.R8.R7.R5.R14.R10.R11.R12.R7.R15.R7.R5.R15
237,R3.R8.R2.R14.R15.R10.R13.R14.R7.R13.R12.R8.R11.R5.R6
238,R13.R10.R14.R12.R7.R13.R3.R11.R7.R6.R8.R6.R15
239,R5.R7.R10.R12.R11.R8.R10.R6.R14.R11.R4.R15.R10.R8
240,R2.R6.R2.R10.R12.R5.R7.R14.R3.R4.R5.R15.R4
241,R2.R9.R4.R13.R2.R14.R11.R15.R8.R11.R3.R9.R13
242,R14.R11.R9.R4.R3.R5.R12.R5.R13.R15.R3.R5.R8.R11.R3
243,R10.R4.R10.R8.R15.R9.R11.R14.R13.R11.R6.R9.R2
244,R14.R2.R13.R4.R10.R2.R12.R8.R11.R8.R2.R10.R12
245,R14.R8.R10.R9.R6.R13.R10.R9.R15.R7.R14.R10.R4.R7
246,R9.R13.R11.R6.R8.R14.R7.R8.R3.R9.R4.R15
247,R2.R5.R10.R3.R11.R5.R3.R15.R5.R2.R8.R14
248,R9.R12.R11.R13.R7.R10.R9.R14.R3.R12.R5.R15.R9.R5.R11.R6
249,R4.R10.R9.R11.R4.R12.R13.R7.R10.R9.R11.R7.R14.R11.R14
250,R4.R3.R13.R12.R11.R4.R14.R8.R12.R8.R13.R15.R9.R13
251,R2.R8.R10.R8.R11.R9.R12.R14.R15.R6.R12.R4.R9.R14.R8
252,R10.R12.R9.R13.R11.R15.R12.R11.R13.R10.R11.R10
253,R11.R7.R4.R10.R7.R9.R4.R12.R15.R4.R10.R8.R7.R8
254,R2.R7.R9.R5.R15.R4.R2.R13.R8.R3.R4.R10.R4.R12.R5
255,R10.R2.R5.R6.R11.R12.R5.R13.R4.R14.R15.R6.R12.R8
256,R15.R7.R12.R2.R4.R3.R2.R8.R9.R11.R13.R12.R2
257,R7.R13.R4.R12.R4.R10.R5.R2.R14.R3.R10.R5.R15.R14.R15
258,R10.R12.R5.R6.R8.R13.R9.R10.R8.R3.R4.R5.R12.R14.R15
259,R4.R6.R14.R5.R2.R4.R13.R7.R4.R10.R12.R7.R4
260,R14.R12.R4.R8.R10.R9.R8.R13.R10.R15.R14.R3.R7.R6
261,R5.R2.R11.R15.R10.R9.R2.R14.R7.R5.R7.R4
262,R9.R8.R6.R11.R8.R2.R10.R15.R12.R10.R7.R14.R11.R3.R11
263,R2.R9.R10.R15.R6.R2.R7.R4.R10.R8.R10.R3
264,R12.R7.R10.R2.R5.R4.R3.R11.R2.R15.R11.R10.R9.R12.R4
265,R2.R11.R8.R15.R8.R6.R13.R6.R4.R12.R2.R7.R14.R4
266,R13.R14.R11.R13.R6.R9.R2.R11.R15.R4.R11.R14.R11.R7
267,R3.R10.R12.R15.R9.R5.R4.R8.R11.R6.R10.R14.R5.R14
268,R8.R13.R14.R15.R9.R12.R6.R8.R3.R4.R11.R13.R9
269,R2.R11.R8.R7.R2.R14.R11.R10.R8.R4.R7.R9.R7
270,R14.R6.R13.R6.R9.R4.R8.R11.R6.R9.R15.R11.R14.R6.R14
271,R12.R7.R5.R8.R5.R11.R15.R13.R2.R11.R14.R5
272,R13.R7.R6.R3.R5.R14.R11.R5.R15.R9.R7.R5.R15
273,R2.R12.R15.R7.R12.R11.R7.R9.R10.R4.R6.R13
274,R2.R6.R4.R10.R11.R15.R6.R12.R3.R8.R3.R6
275,R4.R11.R6.R15.R2.R10.R5.R13.R14.R12.R4.R9.R10.R3
276,R2.R7.R4.R14.R15.R13.R9.R6.R8.R10.R14.R11.R2.R6.R8.R2
277,R2.R3.R11.R2.R6.R12.R9.R6.R10.R11.R5.R15.R2
278,R13.R10.R6.R14.R13.R11.R8.R7.R3.R15.R9.R4
279,R13.R15.R3.R7.R3.R9.R13.R6.R3.R11.R6.R4.R9.R5
280,R12.R9.R15.R12.R7.R6.R3.R13.R14.R9.R7.R11.R8.R6.R8
281,R12.R3.R8.R14.R12.R7.R8.R5.R15.R12.R8.R10.R13.R5.R8
282,R5.R9.R8.R15.R2.R5.R8.R4.R12.R3.R6.R5.R14.R10
283,R12.R3.R7.R14.R3.R9.R7.R4.R13.R7.R12.R7.R15.R14
284,R12.R2.R8.R10.R9.R13.R5.R7.R14.R4.R5.R15.R5.R11.R6
285,R3.R7.R10.R14.R7.R10.R15.R6.R10.R14.R13.R6
286,R12.R11.R15.R2.R7.R2.R14.R11.R5.R9.R7.R6.R13
287,R8.R3.R7.R10.R13.R15.R11.R10.R5.R13.R14.R7.R9.R6
288,R7.R5.R2.R11.R3.R14.R6.R5.R7.R6.R2.R15.R6
289,R9.R13.R12.R11.R7.R2.R10.R2.R5.R15.R14.R8.R5
290,R5.R12.R2.R9.R6.R14.R3.R12.R10.R15.R13.R11.R13.R9.R13
291,R5.R7.R15.R9.R2.R12.R6.R9.R5.R3.R4.R7
292,R10.R9.R3.R15.R7.R13.R5.R10.R14.R13.R6.R8.R12
293,R5.R8.R15.R6.R5.R14.R3.R4.R5.R11.R13.R12.R11.R7
294,R2.R4.R8.R7.R10.R14.R13.R12.R15.R14.R7.R3.R2.R6.R3
295,R3.R13.R12.R4.R14.R6.R8.R11.R2.R10.R5.R15.R14.R9
296,R13.R2.R8.R14.R13.R11.R5.R3.R8.R10.R15.R12.R6.R14
297,R2.R7.R15.R5.R11.R12.R13.R11.R2.R8.R11.R6
298,R4.R10.R12.R8.R10.R6.R11.R10.R2.R8.R14.R12
299,R3.R2.R14.R9.R8.R7.R4.R13.R11.R4.R11.R15.R12.R15
300,R10.R2.R6.R15.R14.R8.R11.R13.R6.R12.R7.R10.R7.R10
301,R14.R2.R12.R5.R14.R11.R12.R6.R9.R13.R15.R2.R7
302,R7.R6.R9.R12.R2.R8.R14.R4.R15.R4.R5.R4.R8
303,R13.R7.R9.R7.R10.R7.R14.R3.R6.R9.R15.R2.R8
304,R5.R2.R4.R15.R2.R5.R2.R8.R12.R11.R2.R8.R6
305,R11.R7.R2.R14.R8.R10.R3.R8.R2.R15.R4.R11.R2
306,R2.R11.R4.R15.R8.R5.R4.R9.R2.R10.R3.R12.R14.R9.R8
307,R3.R2.R6.R2.R7.R14.R6.R4.R8.R3.R15.R3.R8.R9.R10
308,R14.R8.R3.R9.R10.R8.R11.R8.R2.R10.R7.R15.R3
309,R15.R7.R10.R2.R8.R4.R9.R11.R9.R4.R14.R2.R8.R7
310,R14.R15.R3.R11.R7.R4.R13.R11.R8.R4.R12.R2.R7
311,R14.R13.R4.R15.R8.R12.R7.R5.R11.R2.R3.R14.R12
312,R5.R9.R12.R10.R14.R15.R9.R11.R12.R11.R8.R2.R8
313,R12.R7.R10.R5.R13.R5.R15.R14.R5.R9.R11.R10.R5
314,R14.R12.R4.R11.R2.R10.R15.R9.R10.R11.R13.R9.R11
315,R4.R7.R15.R5.R14.R7.R3.R10.R11.R7.R12.R10
316,R3.R12.R3.R14.R15.R6.R4.R3.R9.R12.R5.R14.R3.R14
317,R10.R12.R4.R13.R14.R10.R15.R9.R5.R14.R8.R6.R8
318,R10.R14.R3.R9.R12.R4.R15.R10.R4.R6.R13.R5.R8.R4
319,R4.R12.R13.R7.R3.R14.R6.R12.R2.R8.R15.R4
320,R7.R14.R4.R2.R12.R7.R5.R4.R15.R9.R7.R2.R12.R8.R13.R3
321,R9.R4.R7.R13.R4.R15.R4.R8.R2.R14.R2.R14
322,R6.R9.R7.R6.R4.R8.R12.R7.R9
323,R14.R8.R9.R10.R13.R2.R9.R7.R4.R10.R5.R3.R15
324,R5.R14.R13.R9.R11.R4.R12.R2.R4.R5.R9.R4
325,R14.R11.R7.R5.R15.R9.R2.R3.R13.R6.R14.R7.R10
326,R6.R13.R14.R11.R15.R10.R2.R12.R4.R11.R14.R8.R11
327,R11.R12.R8.R13.R11.R8.R9.R5.R14.R2.R13.R2.R15.R14
328,R3.R11.R5.R12.R5.R10.R13.R14.R3.R12.R4.R15.R6.R14
329,R9.R12.R14.R4.R6.R10.R9.R12.R6.R10.R8.R6
330,R6.R12.R14.R7.R4.R2.R9.R12.R9.R5.R8.R13.R7.R12.R15
331,R7.R14.R8.R3.R10.R13.R15.R11.R5.R13.R7.R11.R9.R14.R3
332,R9.R4.R7.R8.R15.R8.R12.R6.R5.R8.R13.R9.R2.R12
333,R15.R9.R3.R7.R2.R8.R10.R13.R5.R10.R14.R8.R12.R4
334,R10.R11.R4.R15.R2.R9.R6.R4.R10.R8.R4.R6.R14.R9
335,R15.R6.R12.R7.R5.R3.R11.R13.R3.R14.R3.R4.R6.R2.R10
336,R10.R6.R3.R12.R10.R14.R7.R2.R4.R12.R3.R15.R9.R11.R2
337,R3.R9.R4.R8.R13.R6.R5.R10.R12.R10.R6.R15.R8.R7.R10
338,R7.R11.R10.R2.R13.R5.R10.R14.R2.R13.R8.R15.R10.R12.R15
339,R9.R13.R15.R14.R8.R6.R4.R13.R8.R4.R5.R11.R5.R12
340,R15.R5.R6.R10.R11.R14.R5.R8.R10.R6.R8.R2.R5.R7
341,R6.R5.R11.R13.R9.R6.R15.R7.R12.R10.R13.R11.R2.R12.R14.R2
342,R13.R11.R4.R3.R5.R7.R15.R7.R11.R7.R10.R14.R2.R6
343,R10.R9.R8.R2.R14.R15.R4.R5.R3.R7.R13.R14.R13.R4.R11
344,R8.R5.R11.R6.R4.R8.R13.R7.R14.R10.R15.R13.R4
345,R12.R9.R3.R2.R5.R8.R7.R5.R15.R2.R4.R9.R6.R13
346,R9.R10.R8.R6.R3.R11.R7.R9.R14.R5.R3.R4.R10
347,R8.R2.R12.R8.R5.R13.R7.R3.R5.R14.R11.R7.R8.R15.R7
348,R15.R5.R9.R3.R10.R11.R3.R7.R6.R14.R2.R5.R6.R9.R3
349,R5.R8.R9.R5.R2.R7.R6.R2.R14.R15.R14.R3.R5.R3.R4
350,R7.R13.R4.R8.R7.R11.R7.R10.R14.R13.R7.R11.R8.R15.R14.R15
351,R12.R13.R9.R14.R12.R2.R5.R2.R9.R8.R13.R15.R12.R15
352,R8.R2.R4.R10.R12.R11.R14.R12.R15.R11.R10.R13
353,R14.R6.R15.R13.R6.R10.R5.R6.R4.R2.R14.R7.R4.R2
354,R12.R2.R7.R2.R4.R6.R8.R13.R2.R15.R5.R4.R7.R12
355,R7.R8.R12.R9.R7.R3.R14.R10.R6.R15.R3.R11.R5.R11.R7
356,R4.R11.R4.R10.R9.R5.R8.R15.R10.R14.R6.R12.R9.R4
357,R4.R5.R6.R13.R9.R6.R10.R14.R6.R11.R4.R10.R15.R5.R13.R11
358,R13.R6.R10.R14.R3.R15.R10.R14.R7.R8.R10.R3.R12.R13.R12
359,R12.R11.R2.R9.R5.R14.R13.R12.R7.R15.R11.R7.R4.R2.R13
360,R10.R12.R14.R13.R4.R10.R4.R12.R10.R15.R12.R14.R11
361,R6.R2.R8.R12.R7.R14.R6.R3.R8.R9.R10.R15.R3.R15
362,R11.R6.R14.R9.R8.R12.R6.R11.R13.R9.R15.R12.R13.R6.R11
363,R3.R11.R12.R3.R10.R14.R10.R13.R2.R15.R14.R9
364,R8.R6.R13.R8.R10.R6.R3.R11.R3.R9.R14.R4.R15.R5
365,R4.R13.R3.R8.R6.R12.R10.R14.R13.R15.R13.R5.R6.R14.R11
366,R3.R8.R12.R2.R15.R12.R14.R8.R12.R3.R8.R11.R15
367,R14.R12.R7.R2.R6.R15.R10.R6.R13.R14.R3.R13.R12.R8.R5.R8
368,R2.R11.R8.R14.R9.R15.R13.R8.R5.R14.R5.R11.R10
369,R4.R3.R6.R11.R4.R13.R7.R11.R4.R15.R8.R12.R2
370,R7.R11.R12.R3.R4.R13.R15.R11.R4.R6.R13.R3.R13.R11.R7.R11
371,R14.R3.R5.R9.R10.R7.R15.R10.R8.R2.R10.R5.R12
372,R13.R10.R2.R6.R2.R3.R8.R6.R5.R15.R13.R10.R3.R10
373,R8.R11.R5.R13.R12.R3.R7.R14.R15.R3.R7.R9.R12.R9
374,R2.R7.R9.R12.R9.R8.R13.R14.R5.R3.R6.R4.R12.R5.R12
375,R6.R8.R4.R15.R9.R3.R6.R12.R8.R3.R14.R8.R10.R2
376,R10.R5.R2.R4.R9.R11.R15.R5.R4.R2.R12.R11.R9
377,R9.R8.R3.R6.R12.R8.R15.R9.R5.R7.R13.R14.R13.R3
378,R2.R6.R15.R6.R3.R2.R12.R5.R7.R13.R9.R15
379,R14.R11.R15.R12.R7.R3.R10.R4.R5.R6.R8.R13.R4.R14
380,R6.R9.R11.R10.R5.R12.R13.R8.R14.R9.R14.R9.R15
381,R3.R8.R7.R10.R7.R12.R10.R11.R4.R15.R11.R6.R9.R10.R13
382,R15.R10.R9.R2.R4.R12.R6.R14.R3.R12.R10.R7
383,R11.R15.R14.R4.R12.R10.R3.R9.R3.R13.R11
384,R12.R6.R13.R9.R4.R11.R12.R7.R8.R14.R9.R6.R15.R11.R15
385,R13.R10.R14.R3.R9.R10.R12.R4.R5.R13.R9.R2.R6
386,R12.R13.R4.R15.R7.R8.R5.R14.R4.R3.R13.R5.R6.R8.R5.R7
387,R3.R7.R6.R3.R10.R6.R13.R8.R7.R4.R14.R5.R15.R4.R12.R15
388,R9.R5.R6.R14.R2.R9.R5.R3.R11.R3.R2.R15.R10.R2
389,R12.R8.R15.R13.R11.R3.R14.R10.R6.R3.R13.R4.R11
390,R12.R7.R5.R4.R13.R5.R11.R14.R12.R7.R5.R15.R11.R15
391,R9.R2.R14.R13.R4.R5.R9.R12.R6.R4.R15.R10.R5.R3
392,R8.R2.R4.R10.R11.R6.R10.R12.R4.R9.R13.R14.R11
393,R14.R7.R9.R10.R6.R9.R6.R12.R8.R3.R4.R15.R7
394,R4.R14.R13.R10.R8.R7.R9.R15.R7.R11.R2.R7.R15.R11
395,R13.R5.R3.R14.R5.R15.R12.R6.R10.R7.R4.R9.R5
396,R9.R10.R4.R12.R6.R2.R11.R14.R10.R6.R15.R12.R13.R12
397,R10.R14.R9.R7.R8.R10.R7.R8.R11.R4.R7.R10.R12.R15.R3
398,R13.R6.R9.R6.R2.R15.R5.R8.R11.R7.R3.R6.R10.R7
399,R5.R3.R2.R13.R15.R3.R10.R2.R11.R12.R13.R8.R4.R14
400,R4.R10.R14.R11.R15.R5.R7.R4.R10.R14.R7.R9.R5.R11
401,R4.R2.R3.R14.R2.R4.R8.R3.R9.R2.R4.R8.R12.R11
402,R15.R14.R12.R3.R5.R8.R5.R10.R7.R6.R13.R4.R2.R7
403,R5.R6.R4.R2.R10.R14.R12.R14.R15.R14.R10
404,R10.R13.R11.R4.R15.R6.R15.R10.R8.R4.R10
405,R7.R13.R8.R11.R4.R15.R7.R2.R12.R2.R16.R10.R2.R13.R3
406,R8.R13.R6.R10.R6.R11.R4.R12.R16.R5.R10.R12.R14
407,R6.R7.R5.R3.R8.R15.R3.R2.R4.R6.R8.R13.R5.R6.R16.R11
408,R15.R10.R7.R2.R3.R13.R4.R8.R5.R11.R15.R6.R13.R16.R8.R11
409,R2.R11.R16.R11.R15.R7.R5.R10.R4.R2.R7.R14.R13.R11.R12
410,R10.R9.R13.R6.R14.R16.R3.R6.R13.R14.R10.R2.R5.R11.R13.R2
411,R13.R6.R3.R8.R7.R15.R4.R16.R5.R7.R6.R10.R15.R5.R3.R2
412,R4.R13.R3.R14.R15.R13.R10.R8.R4.R6.R5.R16.R7.R15
413,R9.R14.R13.R3.R6.R16.R11.R4.R15.R10.R2.R5.R13.R6.R2.R9.R7
414,R10.R12.R10.R15.R9.R7.R4.R13.R3.R5.R4.R16.R9.R4.R7
415,R14.R6.R8.R5.R13.R9.R3.R7.R11.R15.R12.R6.R7.R16.R7.R16
416,R3.R7.R8.R9.R6.R2.R13.R9.R10.R14.R11.R16.R12.R8.R11.R15
417,R4.R9.R3.R10.R3.R12.R6.R15.R4.R3.R13.R3.R16.R10.R14.R4
418,R8.R6.R10.R2.R7.R2.R11.R14.R7.R5.R12.R15.R16.R15.R4
419,R7.R5.R8.R4.R5.R10.R11.R7.R12.R16.R12.R10.R12
420,R5.R13.R2.R14.R9.R13.R12.R16.R11.R13.R9.R6.R5.R13
421,R5.R12.R16.R7.R10.R13.R4.R11.R8.R6.R9.R7.R8.R15
422,R10.R14.R7.R9.R12.R4.R2.R3.R15.R2.R7.R16.R15.R7.R5
423,R13.R15.R9.R6.R14.R16.R4.R12.R2.R15.R3.R10.R9.R8
424,R14.R3.R4.R2.R16.R13.R2.R7.R10.R6.R8.R9.R6.R8.R12.R5
425,R3.R7.R3.R14.R6.R13.R5.R12.R16.R8.R3.R13.R6.R5.R15.R9
426,R7.R9.R13.R9.R16.R6.R15.R11.R8.R2.R4.R10.R9.R13
427,R11.R16.R7.R9.R15.R3.R10.R8.R14.R12.R3.R10.R5.R2.R8
428,R8.R12.R13.R11.R12.R16.R2.R9.R8.R4.R11.R4.R12.R9.R13.R11
429,R11.R13.R6.R5.R3.R9.R16.R2.R11.R5.R10.R3.R15.R7.R13
430,R10.R13.R12.R7.R4.R3.R14.R15.R11.R8.R3.R12.R6.R16.R7
431,R12.R5.R14.R11.R7.R5.R10.R2.R15.R11.R5.R16.R14.R6.R14
432,R16.R5.R11.R7.R4.R9.R13.R15.R3.R9.R6.R14.R4.R11
433,R12.R14.R8.R11.R6.R13.R8.R16.R13.R2.R14.R2.R10.R4.R13
434,R13.R14.R13.R2.R9.R11.R16.R6.R8.R10.R9.R15.R6
435,R10.R7.R4.R11.R16.R11.R3.R9.R14.R9.R8.R10.R4.R7.R8.R12.R4
436,R12.R6.R16.R11.R8.R6.R12.R2.R11.R3.R9.R15.R2.R15
437,R15.R11.R9.R6.R10.R8.R5.R13.R10.R6.R14.R8.R16.R13.R6
438,R12.R5.R3.R11.R16.R11.R9.R10.R3.R12.R13.R15.R9.R4.R9
439,R8.R3.R11.R4.R10.R16.R9.R12.R11.R10.R15.R12.R3.R10.R9.R12
440,R12.R3.R15.R6.R10.R8.R13.R6.R14.R4.R16.R15.R11
441,R11.R10.R2.R8.R13.R9.R15.R7.R4.R14.R13.R11.R6.R10.R16.R10
442,R4.R16.R13.R10.R8.R15.R13.R14.R4.R13.R3.R11.R10
443,R4.R10.R14.R6.R3.R12.R3.R8.R10.R9.R15.R9.R16.R4
444,R12.R14.R13.R15.R12.R9.R2.R4.R13.R8.R13.R11.R16.R6
445,R4.R6.R12.R15.R10.R16.R12.R2.R7.R8.R10.R13.R8.R14
446,R2.R7.R8.R16.R14.R7.R3.R12.R7.R3.R11.R13.R6
447,R14.R2.R13.R16.R7.R12.R3.R11.R13.R6.R8.R11.R6.R14.R15
448,R9.R13.R12.R6.R15.R16.R2.R12.R2.R4.R9.R6.R3
449,R5.R13.R5.R15.R8.R7.R13.R16.R12.R15.R9.R10.R2
450,R10.R3.R6.R4.R7.R2.R8.R14.R2.R15.R10.R12.R16.R9.R7.R2
451,R14.R4.R13.R2.R5.R7.R6.R12.R4.R15.R8.R2.R12.R8.R10.R16
452,R13.R10.R4.R16.R10.R14.R9.R3.R11.R4.R5.R4.R13.R15.R14
453,R16.R10.R8.R6.R14.R2.R5.R2.R11.R7.R5.R12.R13.R7.R15.R8
454,R2.R5.R9.R2.R15.R3.R12.R11.R14.R7.R10.R2.R16.R5.R8
455,R15.R13.R9.R3.R16.R6.R10.R4.R8.R14.R8.R6.R3.R2
456,R16.R11.R13.R4.R5.R15.R9.R15.R13.R3.R4.R3.R11.R8
457,R12.R2.R8.R3.R15.R7.R14.R9.R13.R2.R10.R12.R9
458,R6.R3.R14.R16.R12.R15.R7.R9.R8.R13.R8.R7.R14.R13
459,R11.R8.R2.R5.R12.R11.R16.R13.R5.R10.R11.R15.R11.R12.R4.R9
460,R10.R15.R3.R4.R2.R13.R3.R4.R14.R7.R8.R11.R2.R16.R10.R16.R10
461,R15.R2.R8.R12.R5.R8.R5.R11.R13.R16.R10.R8.R6.R4
462,R9.R14.R4.R8.R12.R3.R2.R11.R5.R15.R2.R11.R6.R11
463,R4.R6.R10.R14.R15.R4.R2.R8.R12.R2.R10.R13.R16.R2.R15
464,R6.R13.R5.R15.R11.R2.R10.R16.R3.R13.R2.R9.R14
465,R3.R6.R15.R10.R7.R5.R8.R7.R16.R15.R10.R13.R11.R10.R3.R4
466,R15.R4.R6.R12.R8.R11.R10.R6.R3.R8.R6.R16.R14.R12.R7
467,R14.R7.R4.R15.R5.R10.R16.R15.R8.R2.R6.R4.R13.R2.R10
468,R7.R5.R13.R12.R8.R6.R5.R11.R2.R15.R16.R8.R16
469,R7.R14.R2.R6.R3.R5.R15.R4.R16.R5.R12.R11.R14.R6.R14.R12
470,R12.R5.R9.R15.R14.R4.R13.R8.R11.R6.R5.R3.R10.R3.R2.R16.R14
471,R8.R10.R4.R15.R9.R8.R6.R12.R16.R14.R5.R14
472,R5.R7.R15.R10.R7.R12.R4.R16.R8.R10.R8.R13.R3.R9.R6
473,R12.R5.R14.R10.R6.R2.R11.R12.R16.R6.R14.R11.R8.R9.R6
474,R11.R9.R3.R14.R6.R4.R15.R16.R6.R8.R13.R5.R14.R11
475,R12.R7.R3.R13.R7.R12.R4.R10.R9.R6.R16.R9.R7.R12.R4
476,R13.R12.R3.R11.R4.R7.R6.R4.R3.R9.R10.R15.R16.R15.R6
477,R6.R12.R11.R13.R16.R13.R6.R11.R8.R4.R9.R12.R5.R6.R8.R2
478,R5.R11.R5.R15.R12.R14.R10.R16.R15.R2.R4.R8.R3.R12.R11
479,R8.R3.R15.R9.R10.R2.R7.R3.R2.R4.R14.R10.R16.R11.R4
480,R8.R4.R6.R16.R5.R2.R9.R13.R7.R8.R11.R8.R7.R15.R6
481,R15.R13.R12.R7.R3.R4.R2.R16.R5.R11.R4.R13.R5.R8.R13
482,R5.R8.R14.R8.R13.R3.R6.R10.R2.R8.R7.R5
483,R7.R8.R6.R15.R5.R2.R3.R12.R14.R4.R8.R2.R5.R13.R3.R16.R3
484,R10.R5.R13.R14.R5.R9.R16.R10.R4.R3.R15.R8.R9.R14
485,R5.R2.R6.R10.R13.R6.R15.R3.R2.R10.R5.R6.R11.R16.R10
486,R14.R12.R13.R4.R12.R15.R11.R3.R13.R6.R16.R10.R5.R4.R8.R4
487,R5.R11.R15.R5.R2.R8.R16.R3.R12.R15.R14.R6.R10.R13.R10.R6
488,R5.R7.R12.R4.R2.R11.R14.R16.R3.R15.R9.R4.R6
489,R13.R7.R6.R4.R11.R16.R14.R7.R15.R3.R14.R5.R7.R4
490,R5.R12.R13.R4.R5.R11.R2.R8.R15.R16.R15.R12.R10.R7
491,R11.R3.R8.R6.R13.R15.R14.R10.R8.R3.R5.R16.R10.R13.R12.R13
492,R14.R6.R15.R5.R8.R13.R8.R5.R3.R14.R3.R16.R6.R9.R15
493,R12.R11.R16.R2.R6.R8.R10.R12.R13.R6.R15.R5.R2.R7.R11.R6
494,R15.R13.R14.R11.R5.R13.R12.R3.R16.R10.R11.R14.R15.R11.R15
495,R11.R9.R12.R14.R16.R11.R2.R13.R8.R11.R15.R6.R11.R2
496,R15.R10.R13.R4.R7.R5.R9.R12.R14.R7.R13.R5.R2.R16.R12.R14
497,R8.R3.R7.R14.R5.R16.R15.R7.R10.R5.R11.R8.R3.R14.R11
498,R5.R14.R5.R8.R13.R9.R3.R7.R15.R16.R9.R2.R13.R7
499,R12.R13.R4.R8.R12.R10.R8.R16.R12.R7.R15.R11.R7.R13.R9
500,R2.R11.R15.R14.R4.R6.R12.R9.R13.R11.R4.R16.R14.R10.R3
501,R11.R6.R4.R14.R12.R8.R15.R10.R2.R12.R13.R7.R16.R7.R15.R10.R15
502,R7.R13.R3.R16.R7.R14.R15.R6.R12.R5.R3.R13.R4.R12
503,R16.R2.R11.R7.R3.R6.R8.R3.R12.R8.R13.R11.R4.R3.R14.R11
504,R15.R2.R11.R5.R2.R7.R13.R16.R4.R9.R13.R15.R9.R5.R13
505,R8.R11.R16.R10.R15.R8.R13.R14.R6.R8.R10.R5.R13.R11.R8.R11
506,R3.R16.R5.R15.R6.R3.R2.R7.R2.R13.R4.R3.R7.R14.R7
507,R7.R14.R11.R9.R7.R3.R4.R9.R4.R9.R16.R7.R16
508,R14.R5.R15.R13.R14.R3.R12.R3.R16.R8.R11.R6.R12.R7.R16
509,R5.R16.R6.R14.R11.R15.R11.R9.R11.R5.R7.R10.R4.R14.R9
510,R12.R7.R4.R5.R16.R13.R8.R10.R2.R8.R3.R5
511,R10.R7.R12.R10.R4.R11.R10.R15.R16.R3.R14.R5.R7.R8.R15.R7
512,R8.R9.R10.R15.R12.R3.R8.R4.R13.R6.R12.R8.R3.R10.R16.R4
513,R2.R3.R15.R10.R6.R8.R7.R6.R2.R5.R9.R8.R13.R16.R14.R2.R16
514,R14.R3.R11.R12.R3.R6.R7.R13.R15.R12.R8.R13.R9
515,R10.R15.R9.R11.R4.R6.R16.R7.R11.R4.R8.R2.R7.R13
516,R11.R2.R4.R6.R16.R6.R9.R2.R7.R2.R6.R13.R6.R4.R6
517,R12.R7.R4.R11.R2.R16.R3.R11.R3.R9.R15.R8.R6.R11.R5
518,R3.R15.R4.R13.R5.R8.R14.R8.R4.R13.R7.R6.R16.R6.R8.R2
519,R14.R4.R13.R8.R7.R4.R16.R11.R7.R13.R15.R4.R3.R12.R10.R12
520,R16.R13.R6.R3.R11.R7.R14.R11.R2.R7.R13.R15.R3.R11
521,R15.R3.R11.R13.R8.R5.R12.R9.R8.R16.R8.R12.R14.R5.R11.R3
522,R2.R15.R5.R11.R2.R3.R16.R4.R14.R3.R8.R12.R10.R5.R10
523,R6.R16.R4.R6.R13.R12.R7.R3.R2.R10.R11.R9.R14.R6
524,R15.R4.R10.R8.R4.R12.R3.R13.R6.R10.R3.R8.R14
525,R2.R15.R9.R7.R12.R16.R14.R2.R7.R9.R8.R11.R9.R5
526,R15.R2.R14.R3.R8.R4.R16.R13.R8.R2.R4.R2.R14.R9.R5
527,R6.R14.R6.R4.R15.R6.R16.R15.R3.R13.R11.R5.R12.R6
528,R2.R6.R7.R2.R14.R5.R10.R7.R3.R2.R5.R8.R3.R9.R16.R8
529,R7.R5.R11.R10.R2.R7.R9.R5.R15.R13.R2.R10.R12.R7.R6.R16.R10
530,R6.R14.R3.R9.R3.R16.R3.R15.R10.R4.R11.R10.R11
531,R14.R8.R3.R5.R3.R16.R12.R14.R7.R12.R3.R8.R11.R5.R14.R7.R14
532,R16.R3.R12.R13.R3.R7.R2.R8.R9.R15.R3.R12
533,R12.R4.R14.R12.R9.R2.R16.R13.R10.R15.R7.R8.R4.R10
534,R9.R5.R13.R10.R14.R10.R4.R16.R13.R8.R3.R10.R4.R12.R6
535,R13.R9.R5.R7.R3.R10.R6.R15.R3.R2.R4.R13.R16.R10.R5
536,R13.R16.R4.R6.R3.R8.R11.R2.R15.R2.R10.R9.R2.R7
537,R3.R10.R16.R13.R5.R11.R14.R2.R7.R9.R13.R5.R6.R3.R11
538,R13.R12.R3.R4.R9.R6.R14.R12.R15.R13.R14.R7.R11.R16.R5
539,R11.R6.R10.R16.R10.R7.R9.R8.R4.R5.R15.R4.R3.R4
540,R11.R14.R8.R12.R8.R15.R2.R4.R16.R8.R10.R5.R6.R9.R11.R10
541,R11.R6.R12.R8.R5.R14.R16.R12.R4.R11.R5.R8.R6.R15.R9
542,R16.R12.R8.R2.R14.R11.R4.R6.R13.R6.R3.R2.R15.R7.R2.R7
543,R8.R12.R10.R16.R11.R13.R5.R14.R4.R5.R13.R6.R3.R15.R6.R15
544,R11.R10.R5.R13.R7.R3.R11.R10.R9.R15.R3.R2.R16.R5.R9.R6
545,R14.R9.R7.R4.R2.R13.R5.R7.R15.R7.R16.R6.R16.R14.R12.R15
546,R2.R7.R5.R10.R8.R2.R7.R3.R15.R4.R16.R14.R15
547,R11.R14.R12.R6.R5.R7.R16.R6.R13.R8.R7.R2.R10.R9.R12.R9.R12
548,R2.R16.R15.R11.R13.R5.R7.R10.R11.R4.R9.R12.R14.R9.R12.R7
549,R15.R6.R16.R15.R4.R12.R10.R11.R3.R13.R9.R2.R3.R14.R11
550,R16.R7.R6.R8.R3.R6.R7.R13.R7.R4.R15.R11.R10.R14.R5
551,R15.R8.R6.R14.R4.R7.R10.R6.R8.R6.R11.R13.R16.R11.R16.R12.R11.R12
552,R15.R13.R4.R16.R10.R15.R13.R2.R3.R4.R9.R3.R7.R14
553,R7.R8.R16.R7.R11.R8.R2.R10.R12.R13.R8.R3.R4.R6.R14.R12
554,R12.R6.R3.R8.R14.R7.R10.R6.R11.R4.R16.R3.R9.R11
555,R7.R10.R8.R6.R4.R15.R6.R16.R13.R11.R10.R6.R14.R6
556,R9.R14.R6.R8.R16.R5.R4.R3.R7.R13.R3.R12.R11.R6.R5
557,R5.R9.R3.R10.R3.R15.R4.R3.R7.R11.R5.R6.R14.R16.R2
558,R10.R7.R11.R5.R2.R6.R7.R9.R10.R13.R15.R7.R11.R14.R16.R7
559,R16.R2.R13.R5.R14.R4.R11.R6.R9.R8.R2.R16
560,R9.R4.R5.R11.R8.R3.R14.R15.R13.R7.R10.R9.R14.R5
561,R5.R3.R15.R11.R6.R2.R4.R3.R14.R4.R12.R5.R16.R9.R2
562,R13.R4.R2.R14.R2.R9.R16.R14.R9.R13.R15.R13.R3.R6
563,R16.R11.R6.R2.R12.R13.R2.R9.R11.R6.R15.R5.R7.R8.R10
564,R13.R10.R14.R8.R2.R3.R13.R7.R15.R4.R9.R16.R14.R9.R14
565,R4.R6.R8.R9.R12.R14.R6.R2.R10.R5.R15.R12.R13.R16.R12.R13
566,R8.R15.R8.R7.R10.R8.R9.R16.R8.R6.R9.R8.R10.R14.R6
567,R7.R15.R13.R16.R13.R7.R4.R15.R12.R15.R9.R12.R2
568,R5.R3.R8.R7.R10.R7.R11.R13.R15.R7.R6.R3.R11.R14.R16.R3
569,R2.R12.R11.R6.R8.R14.R7.R16.R10.R9.R2.R6.R7.R6.R13.R14
570,R10.R3.R8.R14.R13.R3.R5.R16.R13.R9.R12.R11.R5.R4.R2
571,R15.R4.R9.R13.R11.R4.R14.R5.R11.R12.R4.R2.R7.R9.R16.R14
572,R16.R12.R5.R11.R2.R4.R10.R5.R7.R3.R5.R9.R15.R2.R7.R5
573,R7.R9.R10.R14.R8.R15.R9.R12.R14.R7.R12
574,R14.R13.R3.R6.R8.R15.R9.R14.R9.R6.R11.R6.R16.R11.R8.R11
575,R16.R3.R10.R8.R12.R5.R10.R2.R4.R8.R7.R14.R12.R11
576,R2.R9.R6.R15.R10.R8.R13.R12.R11.R16.R6.R9.R15
577,R9.R13.R11.R4.R3.R6.R9.R12.R16.R2.R14.R5.R12.R3.R6
578,R12.R3.R16.R6.R4.R3.R8.R3.R9.R12.R15.R6.R14.R4.R3.R9
579,R5.R7.R5.R13.R3.R4.R11.R14.R6.R14.R16.R15.R16
580,R11.R9.R2.R7.R10.R14.R16.R14.R5.R15.R9.R4.R13.R14.R8
581,R15.R10.R8.R7.R14.R16.R7.R13.R14.R4.R12.R11.R8.R15
582,R5.R16.R2.R9.R2.R12.R6.R15.R13.R10.R11.R10.R3.R4.R7
583,R7.R5.R13.R2.R11.R14.R13.R15.R10.R16.R14.R10.R13.R15
584,R4.R10.R2.R15.R6.R3.R14.R6.R13.R3.R4.R16.R6.R16
585,R9.R16.R15.R13.R7.R10.R12.R6.R8.R11.R6.R14.R9.R3
586,R2.R12.R3.R4.R7.R4.R9.R14.R8.R16.R11.R2.R10.R2.R8
587,R13.R12.R15.R7.R9.R6.R12.R2.R13.R16.R12.R16.R12.R6
588,R4.R10.R9.R7.R13.R12.R15.R5.R8.R13.R3.R9.R13.R10.R16.R11.R16
589,R5.R8.R5.R12.R8.R14.R16.R13.R4.R12.R6.R10.R4.R8.R15
590,R5.R13.R2.R6.R9.R15.R9.R4.R11.R8.R3.R13.R8.R16.R12.R8.R12
591,R10.R3.R6.R7.R8.R13.R8.R15.R9.R4.R3.R16.R8.R3.R11
592,R15.R3.R11.R2.R16.R12.R15.R10.R4.R5.R12.R4.R14.R10.R4.R10
593,R3.R11.R2.R4.R14.R9.R4.R11.R4.R15.R4.R16.R9.R2.R14
594,R7.R14.R6.R16.R7.R2.R11.R3.R10.R3.R5.R14.R15.R5.R14.R10
595,R12.R15.R10.R13.R2.R5.R16.R5.R12.R11.R8.R15.R9.R13
596,R10.R8.R5.R15.R3.R12.R3.R4.R8.R10.R16.R3.R8.R3.R7
597,R11.R15.R7.R9.R16.R3.R13.R5.R8.R15.R11.R14.R11.R13.R11.R13
598,R14.R10.R12.R15.R6.R9.R12.R5.R14.R2.R16.R9.R12.R9.R12.R9
599,R6.R7.R14.R8.R11.R4.R2.R8.R16.R3.R14.R3
600,R2.R5.R11.R10.R7.R12.R13.R15.R6.R8.R3.R10.R3.R12.R13.R16.R3
601,R16.R2.R7.R15.R12.R9.R14.R4.R10.R9.R7.R11.R9.R11.R8.R13
602,R14.R11.R6.R4.R9.R13.R15.R9.R16.R6.R13.R11.R13
603,R3.R4.R7.R16.R6.R14.R6.R4.R15.R4.R2.R9.R3.R4.R14
604,R5.R13.R4.R6.R12.R7.R14.R16.R11.R4.R5.R13.R6.R9
605,R8.R3.R12.R8.R2.R20.R9.R5.R19.R5.R16.R4.R18.R3.R8.R11.R8.R3.R8
606,R7.R10.R9.R20.R3.R6.R2.R15.R14.R7.R12.R8.R16.R12.R19.R12.R10.R14.R2.R3
607,R18.R8.R9.R3.R20.R10.R2.R14.R16.R15.R7.R12.R2.R6.R3.R11.R2
608,R12.R14.R8.R16.R20.R8.R13.R12.R6.R2.R5.R14.R19.R13.R15.R8.R11.R7.R9
609,R10.R14.R6.R5.R11.R17.R13.R3.R5.R15.R20.R13.R12.R14.R13.R9.R7.R16.R19.R12
610,R3.R8.R4.R3.R17.R20.R2.R14.R9.R16.R8.R5.R12.R18.R2.R19.R2.R17.R13
611,R2.R9.R3.R17.R5.R18.R14.R11.R6.R12.R10.R6.R20.R4.R13.R12.R15.R16.R3
612,R14.R11.R17.R11.R18.R4.R2.R9.R3.R11.R20.R8.R2.R7.R17.R6.R15.R13.R11.R13
613,R7.R13.R5.R17.R20.R4.R19.R8.R13.R10.R3.R17.R5.R2.R13.R9.R16
614,R4.R10.R17.R5.R3.R19.R15.R5.R6.R20.R9.R3.R7.R17.R10.R8.R5
615,R6.R2.R18.R11.R9.R15.R9.R13.R11.R17.R15.R8.R10.R19.R13.R2.R6.R20.R14
616,R16.R5.R13.R7.R14.R17.R4.R9.R12.R5.R19.R10.R5.R4.R6.R17.R14.R15
617,R9.R6.R11.R10.R18.R11.R5.R7.R14.R6.R2.R16.R12.R9.R3.R12.R20.R19.R20
618,R5.R9.R15.R8.R4.R9.R6.R2.R20.R10.R7.R5.R17.R15.R14.R8.R12.R4
619,R12.R16.R13.R11.R20.R10.R7.R17.R12.R7.R19.R10.R6.R18.R14.R12.R5.R12.R8.R17.R10
620,R18.R5.R15.R8.R11.R8.R10.R6.R20.R15.R12.R3.R8.R5.R6.R18.R9.R13
621,R11.R9.R13.R10.R15.R11.R20.R7.R3.R19.R15.R6.R4.R8.R17.R4.R6
622,R10.R14.R20.R7.R12.R14.R5.R18.R11.R17.R16.R11.R7.R13.R6.R10.R19.R11.R19
623,R18.R11.R14.R19.R2.R15.R5.R4.R8.R17.R15.R5.R2.R9.R2.R18.R8.R6.R20.R10
624,R20.R16.R9.R2.R6.R7.R5.R14.R13.R11.R4.R15.R6.R12.R19.R16.R15
625,R13.R17.R10.R13.R11.R15.R14.R5.R13.R16.R19.R20.R12.R5.R3.R13.R15.R9.R19.R14
626,R18.R3.R6.R7.R3.R6.R10.R16.R4.R5.R20.R3.R16.R18.R11.R15.R11.R18.R6.R15.R18
627,R18.R19.R14.R11.R18.R13.R20.R8.R3.R5.R4.R3.R16.R18.R2.R12.R17.R6.R4
628,R15.R18.R8.R16.R4.R20.R5.R7.R15.R18.R6.R14.R12.R17.R6.R19.R8.R11.R14
629,R5.R18.R17.R16.R4.R13.R5.R3.R2.R19.R12.R3.R7.R5.R3.R8.R20.R13.R6.R11
630,R17.R8.R11.R8.R10.R7.R3.R14.R8.R6.R3.R12.R16.R18.R17.R19.R12.R6.R20
631,R4.R11.R8.R19.R16.R13.R2.R14.R3.R7.R15.R13.R20.R12.R14.R11.R13.R19.R3.R12.R9
632,R16.R7.R5.R2.R8.R14.R15.R5.R2.R14.R3.R17.R9.R19.R3.R20.R16.R18.R14
633,R16.R12.R18.R8.R14.R7.R3.R11.R2.R7.R13.R11.R20.R16.R13.R2.R5.R9.R5
634,R20.R15.R17.R15.R3.R10.R4.R5.R18.R10.R12.R11.R2.R15.R8.R12.R2.R19.R3
635,R19.R2.R10.R6.R15.R10.R11.R4.R12.R14.R20.R4.R13.R17.R19.R18.R12.R8.R12
636,R6.R7.R4.R5.R18.R9.R3.R20.R12.R19.R15.R2.R9.R6.R14.R2.R10
637,R13.R5.R15.R7.R16.R5.R15.R7.R4.R2.R6.R20.R12.R11.R5.R3.R7.R2.R19
638,R6.R4.R2.R9.R6.R5.R13.R10.R19.R14.R11.R9.R2.R7.R8.R13.R7.R11.R20
639,R11.R12.R15.R6.R19.R15.R14.R2.R7.R10.R17.R8.R13.R16.R5.R12.R20.R12.R15.R3
640,R9.R8.R5.R7.R6.R17.R18.R16.R5.R4.R12.R14.R19.R14.R16.R9.R20.R12
641,R13.R3.R17.R9.R18.R19.R3.R5.R12.R5.R14.R20.R7.R8.R17.R13.R19.R13.R4.R13
642,R5.R19.R8.R13.R8.R12.R2.R11.R17.R12.R18.R4.R13.R6.R20.R2.R9
643,R2.R4.R17.R4.R12.R9.R14.R9.R18.R7.R17.R12.R3.R20.R10.R9.R12
644,R17.R6.R18.R17.R2.R15.R6.R19.R18.R2.R4.R11.R5.R10.R13.R10.R5.R20.R14.R18
645,R19.R3.R15.R17.R13.R12.R6.R10.R2.R14.R18.R11.R8.R9.R5.R20.R17.R12.R2.R17
646,R5.R15.R8.R20.R18.R15.R3.R13.R3.R19.R5.R10.R18.R7.R6.R5.R16.R14.R16.R8.R16
647,R18.R13.R15.R19.R15.R6.R5.R13.R11.R7.R20.R4.R19.R5.R11.R17.R7.R5
648,R10.R3.R13.R18.R20.R6.R19.R3.R17.R12.R9.R5.R16.R15.R7.R6.R14.R4.R10
649,R14.R17.R12.R13.R5.R6.R15.R6.R8.R12.R16.R18.R3.R13.R6.R2.R6.R20.R18.R20
650,R8.R5.R20.R16.R7.R14.R12.R17.R4.R8.R2.R19.R13.R19.R10.R11.R14.R15.R12
651,R15.R16.R12.R6.R2.R8.R5.R4.R9.R2.R17.R3.R11.R20.R10.R8.R13.R16.R12.R19
652,R4.R16.R8.R3.R6.R11.R17.R18.R5.R10.R11.R3.R16.R20.R18.R5.R17.R19.R12
653,R12.R17.R10.R16.R2.R15.R19.R17.R8.R2.R20.R13.R16.R11.R17.R13.R6.R9
654,R9.R2.R6.R2.R13.R10.R4.R19.R4.R7.R20.R6.R9.R14.R16.R8
655,R6.R16.R7.R6.R15.R2.R3.R7.R5.R4.R17.R3.R6.R18.R16.R13.R20.R8.R12
656,R19.R9.R6.R8.R11.R12.R14.R3.R9.R7.R16.R11.R12.R18.R11.R13.R20.R4.R11
657,R14.R16.R7.R13.R2.R10.R20.R9.R14.R8.R2.R13.R19.R11.R13.R17.R13.R12.R7.R19
658,R20.R8.R11.R9.R16.R12.R17.R16.R9.R6.R19.R6.R17.R8.R10.R5.R12.R16.R11
659,R12.R17.R3.R10.R16.R4.R15.R13.R12.R2.R20.R2.R11.R2.R14.R16.R2.R19.R12.R8.R3.R8
660,R7.R10.R2.R18.R12.R5.R17.R13.R20.R5.R6.R13.R7.R4.R16.R11.R6.R18
661,R3.R15.R5.R13.R17.R7.R4.R8.R13.R7.R8.R19.R5.R20.R5.R19.R7.R17
662,R19.R3.R13.R18.R14.R8.R16.R20.R17.R3.R6.R8.R19.R5.R7.R16.R7.R18.R17
663,R5.R9.R12.R5.R18.R11.R3.R15.R20.R11.R2.R19.R6.R4.R11.R7.R3.R14.R5.R9
664,R11.R2.R15.R7.R17.R5.R12.R15.R20.R13.R9.R18.R14.R16.R9.R4.R3.R13.R14
665,R8.R12.R5.R10.R14.R19.R13.R11.R2.R16.R6.R18.R20.R13.R2.R9.R5.R14.R9.R3.R17
666,R2.R15.R10.R11.R19.R11.R8.R13.R16.R13.R8.R17.R6.R13.R12.R13.R20.R5.R20
667,R14.R9.R7.R19.R7.R20.R19.R7.R16.R9.R5.R13.R2.R6.R9.R17.R6.R15.R2
668,R10.R5.R14.R7.R10.R19.R7.R20.R14.R9.R5.R7.R3.R4.R11.R15.R16.R17.R19.R2
669,R14.R7.R2.R15.R16.R13.R2.R4.R17.R10.R16.R18.R3.R16.R20.R17.R20.R16.R5.R12
670,R10.R6.R4.R2.R8.R16.R3.R2.R5.R15.R4.R20.R2.R3.R18.R12.R16.R13.R18
671,R8.R15.R16.R8.R4.R18.R19.R13.R20.R4.R6.R14.R13.R10.R7.R12.R19.R12.R11.R12
672,R18.R13.R4.R2.R9.R14.R2.R11.R7.R20.R12.R9.R18.R16.R2.R9.R6.R17.R3.R5
673,R14.R17.R19.R20.R2.R5.R16.R14.R4.R5.R12.R19.R7.R15.R10.R18.R2.R10.R6
674,R9.R6.R14.R4.R11.R20.R5.R3.R16.R4.R18.R19.R9.R3.R16.R3.R6.R15.R9
675,R7.R3.R16.R4.R20.R2.R9.R19.R11.R16.R12.R5.R11.R8.R14.R8.R13.R10.R14
676,R7.R4.R10.R2.R5.R8.R19.R3.R2.R18.R10.R11.R7.R13.R14.R10.R20.R14
677,R20.R17.R16.R15.R13.R9.R19.R9.R12.R16.R8.R7.R17.R16.R3.R18.R14.R7.R18.R8
678,R11.R13.R11.R8.R12.R19.R10.R8.R14.R3.R2.R13.R5.R12.R20.R14.R3.R20
679,R8.R4.R9.R11.R16.R18.R9.R8.R14.R19.R10.R8.R15.R4.R14.R16.R12.R20.R5
680,R16.R9.R11.R15.R12.R7.R6.R14.R18.R8.R13.R10.R4.R6.R14.R19.R4.R17.R20.R7
681,R18.R5.R14.R20.R18.R15.R5.R4.R3.R14.R17.R12.R2.R15.R16.R4.R19.R16.R11.R6.R11
682,R9.R15.R12.R3.R4.R16.R14.R18.R9.R20.R5.R8.R10.R9.R17.R8.R18.R4.R6
683,R20.R7.R4.R19.R8.R6.R10.R11.R2.R17.R9.R13.R5.R11.R3.R18.R14.R4.R14
684,R5.R8.R17.R11.R13.R9.R18.R3.R13.R7.R14.R16.R19.R13.R11.R20.R5.R3.R5
685,R14.R10.R4.R12.R9.R2.R15.R10.R6.R8.R3.R11.R20.R8.R20.R15.R16.R15
686,R8.R18.R4.R8.R11.R5.R9.R8.R19.R6.R4.R2.R17.R10.R5.R14.R16.R20.R11.R20
687,R9.R6.R19.R12.R11.R7.R20.R16.R14.R10.R2.R16.R19.R15.R5.R2.R19
688,R3.R7.R19.R5.R6.R2.R9.R14.R13.R17.R16.R4.R15.R7.R20.R7.R19.R18.R16
689,R6.R13.R3.R10.R16.R5.R11.R4.R17.R16.R2.R9.R20.R7.R5.R18.R11.R14.R2
690,R6.R8.R20.R19.R11.R18.R13.R16.R4.R14.R8.R6.R5.R7.R9.R4.R17.R13.R11
691,R19.R9.R16.R20.R10.R12.R14.R15.R11.R2.R6.R3.R19.R2.R14.R11.R17.R13.R17.R14.R17
692,R15.R13.R18.R13.R7.R5.R19.R3.R5.R13.R18.R12.R13.R15.R12.R13.R9.R12
693,R5.R3.R16.R19.R12.R16.R20.R5.R14.R19.R4.R16.R14.R10.R4.R5.R17.R12.R7.R12
694,R19.R14.R11.R20.R8.R5.R2.R6.R18.R2.R6.R5.R3.R16.R8.R5.R9.R19
695,R19.R3.R9.R15.R7.R2.R17.R12.R18.R5.R11.R17.R4.R5.R13.R16.R20.R19
696,R13.R2.R7.R11.R3.R7.R19.R17.R7.R8.R13.R16.R2.R7.R10.R15.R2.R20.R5
697,R11.R12.R7.R13.R16.R20.R9.R3.R14.R19.R17.R5.R11.R10.R19.R14
698,R17.R14.R5.R16.R19.R18.R20.R3.R18.R3.R4.R6.R4.R9.R12.R2.R4.R10
699,R5.R9.R15.R12.R16.R3.R20.R19.R16.R17.R18.R5.R13.R12.R5.R10.R11.R10.R3
